dataset,sample,input_path,ground_truth_path,psnr,ssim,mae,inference_ms_pc,input_brightness,input_contrast_std,input_saturation,input_laplacian_abs,input_clip0_rgb,input_clip255_rgb,output_brightness,output_contrast_std,output_saturation,output_laplacian_abs,output_clip0_rgb,output_clip255_rgb,gt_brightness,gt_contrast_std,gt_saturation,gt_laplacian_abs,gt_clip0_rgb,gt_clip255_rgb
LOL_val,1,D:\LLIE_Project\data\raw\LOL\val\low\1.png,D:\LLIE_Project\data\raw\LOL\val\high\1.png,15.497566554395322,0.8193336647674688,0.1293015573538986,3.6538000003929483,19.29174041748047,19.918807983398438,0.5180451273918152,4.120100498199463,0.00028935185185185184,0.0,78.2569580078125,33.66307830810547,0.248032808303833,9.212444305419922,0.0,0.0,109.90108489990234,57.081871032714844,0.41141825914382935,14.86960220336914,0.0,0.0003255208333333333
LOL_val,111,D:\LLIE_Project\data\raw\LOL\val\low\111.png,D:\LLIE_Project\data\raw\LOL\val\high\111.png,11.41511887230886,0.7072522185189617,0.2588042315314798,2.038900000115973,18.078041076660156,7.781566143035889,0.16211795806884766,3.2029380798339844,3.616898148148148e-05,0.0,79.57859802246094,19.575626373291016,0.07831528782844543,7.13927698135376,0.0,0.0,146.37957763671875,35.17851638793945,0.10882223397493362,13.577579498291016,0.0,0.0
LOL_val,146,D:\LLIE_Project\data\raw\LOL\val\low\146.png,D:\LLIE_Project\data\raw\LOL\val\high\146.png,13.667514335551584,0.801454126188121,0.19562567916570925,2.421499999400112,26.29958724975586,11.12386417388916,0.19281406700611115,3.510526180267334,0.0014829282407407408,0.0,94.81114959716797,25.877593994140625,0.10752493143081665,6.3968825340271,0.0,0.0,145.71717834472656,43.40026092529297,0.1668914407491684,12.12073802947998,0.0005787037037037037,0.0
LOL_val,179,D:\LLIE_Project\data\raw\LOL\val\low\179.png,D:\LLIE_Project\data\raw\LOL\val\high\179.png,21.438990175420706,0.9220260172419603,0.06924345727060355,1.8810000001394656,21.307037353515625,5.457077503204346,0.5413415431976318,2.8851068019866943,0.0006148726851851852,0.0,82.91915893554688,12.705814361572266,0.33988556265830994,5.718351364135742,0.0,0.0,75.28357696533203,14.622447967529297,0.6069141030311584,7.432729244232178,0.000904224537037037,0.0
LOL_val,22,D:\LLIE_Project\data\raw\LOL\val\low\22.png,D:\LLIE_Project\data\raw\LOL\val\high\22.png,12.025161281679589,0.6906870231671747,0.22680092605890012,1.9392000012885546,19.637832641601562,10.857577323913574,0.2050544172525406,3.335339307785034,0.01873553240740741,0.0,82.1368637084961,26.086002349853516,0.09000656008720398,7.054778575897217,0.0,0.0,138.0109405517578,53.140525817871094,0.19370482861995697,15.68471908569336,0.0003255208333333333,0.0
LOL_val,23,D:\LLIE_Project\data\raw\LOL\val\low\23.png,D:\LLIE_Project\data\raw\LOL\val\high\23.png,8.277373144533211,0.44130943589615684,0.35665749942555147,2.020799998717848,9.524320602416992,6.238314151763916,0.31237491965293884,2.0778093338012695,0.05472366898148148,0.0,60.93758773803711,20.15860939025879,0.10068652033805847,5.315605163574219,0.0,0.0,150.0061492919922,56.05807876586914,0.1870373636484146,16.518293380737305,0.00010850694444444444,0.0
LOL_val,493,D:\LLIE_Project\data\raw\LOL\val\low\493.png,D:\LLIE_Project\data\raw\LOL\val\high\493.png,17.133529869475236,0.7180574705351493,0.11240142373477711,2.5115000007644994,6.8487162590026855,6.318302631378174,0.6095413565635681,2.065269947052002,0.15480324074074073,0.0,48.36747741699219,20.181629180908203,0.2101910412311554,6.033547401428223,0.0,0.0,66.60944366455078,43.19921875,0.5674818158149719,16.123374938964844,0.062065972222222224,0.0
LOL_val,547,D:\LLIE_Project\data\raw\LOL\val\low\547.png,D:\LLIE_Project\data\raw\LOL\val\high\547.png,16.748766085994422,0.7362048705590616,0.12060823627546721,2.5250000016967533,16.95302963256836,8.136612892150879,0.20741793513298035,3.5361926555633545,0.005750868055555556,0.0,77.68184661865234,20.5580997467041,0.09452515095472336,7.526381492614746,0.0,0.0,105.25973510742188,41.796695709228516,0.19129949808120728,16.74268341064453,0.0003255208333333333,0.0
LOL_val,55,D:\LLIE_Project\data\raw\LOL\val\low\55.png,D:\LLIE_Project\data\raw\LOL\val\high\55.png,8.616105988317031,0.45300193435663183,0.33628061331954656,2.2594000001845416,8.141826629638672,6.429092884063721,0.4014444947242737,2.1080639362335205,0.1154513888888889,0.0,55.50857162475586,22.643590927124023,0.1142728328704834,6.0360565185546875,0.0,0.0,140.45797729492188,58.92981719970703,0.18726281821727753,18.78785514831543,0.0,0.0
LOL_val,665,D:\LLIE_Project\data\raw\LOL\val\low\665.png,D:\LLIE_Project\data\raw\LOL\val\high\665.png,11.93581607916533,0.595021909445361,0.2348495932186351,2.3784000004525296,8.717657089233398,4.27315616607666,0.5811735391616821,1.9029053449630737,0.042534722222222224,0.0,61.00876235961914,16.025287628173828,0.16592641174793243,5.127927780151367,0.0,0.0,121.66082000732422,35.2454719543457,0.22032254934310913,11.30154800415039,0.0,0.0
LOL_val,669,D:\LLIE_Project\data\raw\LOL\val\low\669.png,D:\LLIE_Project\data\raw\LOL\val\high\669.png,12.996788103038359,0.746023303156348,0.2099203670726103,1.7702999994071433,18.29596710205078,8.499222755432129,0.29052674770355225,3.3382973670959473,0.008210358796296295,0.0,80.52566528320312,19.70630645751953,0.13261669874191284,7.078337669372559,0.0,0.0,133.51995849609375,35.18931579589844,0.22498565912246704,12.69261646270752,0.0,0.0
LOL_val,748,D:\LLIE_Project\data\raw\LOL\val\low\748.png,D:\LLIE_Project\data\raw\LOL\val\high\748.png,19.815464486642654,0.8355278626233686,0.08797842287549786,1.857400000517373,14.235305786132812,6.693585395812988,0.3754824697971344,4.611706256866455,0.0009403935185185185,0.0,73.20646667480469,14.57690143585205,0.16210708022117615,8.979801177978516,0.0,0.00021701388888888888,97.233154296875,22.84659767150879,0.3210786283016205,15.716546058654785,0.0,0.0
LOL_val,778,D:\LLIE_Project\data\raw\LOL\val\low\778.png,D:\LLIE_Project\data\raw\LOL\val\high\778.png,14.473383921549392,0.6665283408987152,0.15621183806774663,1.9759000006160932,8.413426399230957,7.011215686798096,0.5281225442886353,3.7118241786956787,0.06282552083333333,0.0,54.52939224243164,21.008258819580078,0.17533773183822632,8.301016807556152,0.0,0.0,92.85035705566406,43.85492706298828,0.4049466848373413,22.057106018066406,0.001591435185185185,0.0010127314814814814
LOL_val,780,D:\LLIE_Project\data\raw\LOL\val\low\780.png,D:\LLIE_Project\data\raw\LOL\val\high\780.png,22.80751471951678,0.9475026436833309,0.056523465175254674,2.132999999957974,9.056578636169434,6.684033393859863,0.6059890985488892,2.7471723556518555,0.06441695601851852,0.0,54.940311431884766,19.899850845336914,0.35598456859588623,6.712804317474365,0.0,0.0,58.52475357055664,26.026357650756836,0.5934555530548096,8.487944602966309,0.12084056712962964,0.0
LOL_val,79,D:\LLIE_Project\data\raw\LOL\val\low\79.png,D:\LLIE_Project\data\raw\LOL\val\high\79.png,10.950181337960094,0.6746249175078657,0.26914119346469056,2.0463000000745524,21.24750518798828,10.158306121826172,0.10525938868522644,3.5833511352539062,3.616898148148148e-05,0.0,87.03813934326172,20.99798583984375,0.04758365452289581,7.344327926635742,0.0,3.616898148148148e-05,155.302734375,42.16363525390625,0.08065202832221985,13.516050338745117,0.0,0.0
LOL_v2_Real_val,00690,D:\LLIE_Project\data\raw\LOL-v2-Real\val\low\00690.png,D:\LLIE_Project\data\raw\LOL-v2-Real\val\high\00690.png,14.948477184819211,0.8002620888364561,0.16282991895488663,2.0184000004519476,15.27395248413086,11.535122871398926,0.4718247056007385,4.711755752563477,0.016493055555555556,0.0,70.68838500976562,24.62384605407715,0.15757080912590027,9.501983642578125,0.0,0.00028935185185185184,113.89328002929688,35.638614654541016,0.22600142657756805,13.289016723632812,0.0,0.0
LOL_v2_Real_val,00691,D:\LLIE_Project\data\raw\LOL-v2-Real\val\low\00691.png,D:\LLIE_Project\data\raw\LOL-v2-Real\val\high\00691.png,14.956425881078419,0.7993368060978933,0.1626713472254136,2.1212999999988824,15.234034538269043,11.501060485839844,0.4622496962547302,4.7162556648254395,0.013563368055555556,0.0,70.64155578613281,24.523345947265625,0.15306663513183594,9.465471267700195,0.0,0.00025318287037037036,113.89328002929688,35.638614654541016,0.22600142657756805,13.289016723632812,0.0,0.0
LOL_v2_Real_val,00692,D:\LLIE_Project\data\raw\LOL-v2-Real\val\low\00692.png,D:\LLIE_Project\data\raw\LOL-v2-Real\val\high\00692.png,13.961087713949125,0.6700991737986343,0.18280228259516698,2.8449999990698416,10.763230323791504,6.123924732208252,0.41491591930389404,3.3744990825653076,0.024848090277777776,0.0,62.5277099609375,18.286670684814453,0.13639028370380402,8.591714859008789,0.0,0.0,108.09162139892578,37.35833740234375,0.08817067742347717,19.7154483795166,3.616898148148148e-05,0.0
LOL_v2_Real_val,00693,D:\LLIE_Project\data\raw\LOL-v2-Real\val\low\00693.png,D:\LLIE_Project\data\raw\LOL-v2-Real\val\high\00693.png,14.025865539512568,0.6855933776721157,0.18217748006184895,2.209700000094017,10.675884246826172,6.125441074371338,0.40801364183425903,3.3716564178466797,0.019386574074074073,0.0,62.05052947998047,18.903043746948242,0.1462392807006836,8.476783752441406,0.0,0.0,108.09162139892578,37.35833740234375,0.08817067742347717,19.7154483795166,3.616898148148148e-05,0.0
LOL_v2_Real_val,00694,D:\LLIE_Project\data\raw\LOL-v2-Real\val\low\00694.png,D:\LLIE_Project\data\raw\LOL-v2-Real\val\high\00694.png,13.230038245018603,0.6715633035681986,0.19921095604990044,2.9300000005605398,11.788920402526855,7.439876556396484,0.21127842366695404,3.8170166015625,0.011393229166666666,0.0,64.94078826904297,21.109163284301758,0.06757008284330368,8.718722343444824,0.0,0.0,114.82151794433594,43.138004302978516,0.06444380432367325,20.29369354248047,0.0,0.0
LOL_v2_Real_val,00695,D:\LLIE_Project\data\raw\LOL-v2-Real\val\low\00695.png,D:\LLIE_Project\data\raw\LOL-v2-Real\val\high\00695.png,13.225286277786774,0.6710458922541769,0.19931591258329504,1.6782000002422137,11.768733978271484,7.428399562835693,0.2117578387260437,3.7954487800598145,0.011501736111111112,0.0,64.90438842773438,21.084228515625,0.06751018017530441,8.64923095703125,0.0,0.0,114.82151794433594,43.138004302978516,0.06444380432367325,20.29369354248047,0.0,0.0
LOL_v2_Real_val,00696,D:\LLIE_Project\data\raw\LOL-v2-Real\val\low\00696.png,D:\LLIE_Project\data\raw\LOL-v2-Real\val\high\00696.png,12.756241284691608,0.6077170089171001,0.20766725727156096,1.5819000000192318,7.435133934020996,7.282567024230957,0.6114332675933838,3.063683271408081,0.07924623842592593,0.0,51.26906204223633,20.744369506835938,0.18768198788166046,7.8151397705078125,0.0,0.0,102.06610870361328,43.980369567871094,0.21948646008968353,18.09130859375,0.0,0.0
LOL_v2_Real_val,00697,D:\LLIE_Project\data\raw\LOL-v2-Real\val\low\00697.png,D:\LLIE_Project\data\raw\LOL-v2-Real\val\high\00697.png,12.750976740000514,0.6070252480675714,0.20772895065008426,1.590300000316347,7.428253173828125,7.263822555541992,0.6170036792755127,3.0661113262176514,0.0791015625,0.0,51.22380447387695,20.72903060913086,0.19055499136447906,7.878538131713867,0.0,0.0,102.06610870361328,43.980369567871094,0.21948646008968353,18.09130859375,0.0,0.0
LOL_v2_Real_val,00698,D:\LLIE_Project\data\raw\LOL-v2-Real\val\low\00698.png,D:\LLIE_Project\data\raw\LOL-v2-Real\val\high\00698.png,14.09943788969429,0.6425545392019163,0.17738020653818168,1.5741999995952938,7.531825542449951,10.660164833068848,0.5566520690917969,2.381991147994995,0.05591724537037037,0.00010850694444444444,57.80195617675781,16.85738754272461,0.16615095734596252,5.158504009246826,0.0,0.0018446180555555555,101.78074645996094,31.976520538330078,0.18554693460464478,11.400346755981445,0.0,0.0007595486111111111
LOL_v2_Real_val,00699,D:\LLIE_Project\data\raw\LOL-v2-Real\val\low\00699.png,D:\LLIE_Project\data\raw\LOL-v2-Real\val\high\00699.png,14.143208013671902,0.6448311010079774,0.17643073586856617,2.410999999483465,7.563515663146973,10.705622673034668,0.549569845199585,2.3883261680603027,0.05649594907407408,0.0,58.00571823120117,16.781219482421875,0.1637701541185379,5.071081161499023,0.0,0.0017722800925925927,101.78074645996094,31.976520538330078,0.18554693460464478,11.400346755981445,0.0,0.0007595486111111111
LOL_v2_Real_val,00700,D:\LLIE_Project\data\raw\LOL-v2-Real\val\low\00700.png,D:\LLIE_Project\data\raw\LOL-v2-Real\val\high\00700.png,21.92873975254146,0.9088157213665914,0.06622937520345053,1.9677000000228873,22.14362144470215,14.071778297424316,0.262164443731308,4.135560989379883,0.0,0.0005425347222222222,85.78616333007812,23.872026443481445,0.15795151889324188,8.411187171936035,0.0,0.0025318287037037037,101.78074645996094,31.976520538330078,0.18554693460464478,11.400346755981445,0.0,0.0007595486111111111
LOL_v2_Real_val,00701,D:\LLIE_Project\data\raw\LOL-v2-Real\val\low\00701.png,D:\LLIE_Project\data\raw\LOL-v2-Real\val\high\00701.png,21.935562147442784,0.9101789684513597,0.06624271168428308,1.6586999990977347,22.12030029296875,14.0943021774292,0.26271936297416687,4.158021926879883,3.616898148148148e-05,0.0005425347222222222,85.74351501464844,23.92119026184082,0.15788903832435608,8.424907684326172,0.0,0.0025679976851851853,101.78074645996094,31.976520538330078,0.18554693460464478,11.400346755981445,0.0,0.0007595486111111111
LOL_v2_Real_val,00702,D:\LLIE_Project\data\raw\LOL-v2-Real\val\low\00702.png,D:\LLIE_Project\data\raw\LOL-v2-Real\val\high\00702.png,9.97961924927193,0.4892735106043949,0.3004431032666973,1.955699999598437,10.041935920715332,5.78989315032959,0.5232865214347839,2.0201213359832764,0.008282696759259259,0.0,63.91666030883789,14.432377815246582,0.1946396678686142,4.863385200500488,0.0,0.0,139.8655548095703,38.4220085144043,0.15420028567314148,11.245113372802734,0.0,0.0
LOL_v2_Real_val,00703,D:\LLIE_Project\data\raw\LOL-v2-Real\val\low\00703.png,D:\LLIE_Project\data\raw\LOL-v2-Real\val\high\00703.png,9.96751203349496,0.4896524161928484,0.3009505926393995,2.125799999703304,9.99262523651123,5.786628723144531,0.5263159871101379,2.0107555389404297,0.008282696759259259,0.0,63.77875518798828,14.470648765563965,0.19476832449436188,4.822971343994141,0.0,0.0,139.8655548095703,38.4220085144043,0.15420028567314148,11.245113372802734,0.0,0.0
LOL_v2_Real_val,00704,D:\LLIE_Project\data\raw\LOL-v2-Real\val\low\00704.png,D:\LLIE_Project\data\raw\LOL-v2-Real\val\high\00704.png,9.938590015503149,0.4862098555438186,0.3019660201727175,2.7985999986412935,9.897315979003906,5.737646102905273,0.5247187614440918,2.01456880569458,0.007921006944444444,0.0,63.52419662475586,14.406009674072266,0.1949407458305359,4.86294412612915,0.0,0.0,139.8655548095703,38.4220085144043,0.15420028567314148,11.245113372802734,0.0,0.0
LOL_v2_Real_val,00705,D:\LLIE_Project\data\raw\LOL-v2-Real\val\low\00705.png,D:\LLIE_Project\data\raw\LOL-v2-Real\val\high\00705.png,10.84781083116641,0.5207914267044761,0.27041548186657477,2.2059000002627727,8.139184951782227,4.999575614929199,0.46454155445098877,1.6887117624282837,0.014973958333333334,0.0,60.56619644165039,13.899567604064941,0.1288268268108368,3.9267899990081787,0.0,0.0,129.95640563964844,34.83099365234375,0.18145476281642914,10.286810874938965,0.0,0.0
LOL_v2_Real_val,00706,D:\LLIE_Project\data\raw\LOL-v2-Real\val\low\00706.png,D:\LLIE_Project\data\raw\LOL-v2-Real\val\high\00706.png,10.757800325359582,0.5386735460603146,0.2743000105315564,2.0256999996490777,7.924653053283691,4.979981899261475,0.3534735441207886,1.6640678644180298,0.0020616319444444445,0.0,58.88022232055664,14.96596908569336,0.11069215834140778,3.98034405708313,0.0,0.0,129.95640563964844,34.83099365234375,0.18145476281642914,10.286810874938965,0.0,0.0
LOL_v2_Real_val,00707,D:\LLIE_Project\data\raw\LOL-v2-Real\val\low\00707.png,D:\LLIE_Project\data\raw\LOL-v2-Real\val\high\00707.png,10.840867545851246,0.5178444081908478,0.2705241184608609,2.47020000097109,8.10434627532959,4.9570794105529785,0.4554572105407715,1.696143627166748,0.01175491898148148,0.0,60.47835922241211,13.824493408203125,0.12664644420146942,3.944058418273926,0.0,0.0,129.95640563964844,34.83099365234375,0.18145476281642914,10.286810874938965,0.0,0.0
LOL_v2_Real_val,00708,D:\LLIE_Project\data\raw\LOL-v2-Real\val\low\00708.png,D:\LLIE_Project\data\raw\LOL-v2-Real\val\high\00708.png,16.056960189334383,0.7707752479222073,0.13735972385780484,1.938499999596388,14.023574829101562,11.970067024230957,0.43514934182167053,2.830256462097168,0.011140046296296295,0.0,71.31430053710938,23.061933517456055,0.1973477452993393,5.782582759857178,0.0,0.0,104.03592681884766,40.90653991699219,0.25980985164642334,8.74974250793457,0.0,0.00025318287037037036
LOL_v2_Real_val,00709,D:\LLIE_Project\data\raw\LOL-v2-Real\val\low\00709.png,D:\LLIE_Project\data\raw\LOL-v2-Real\val\high\00709.png,16.32862332953772,0.7823812184833996,0.1331296584185432,1.9186999998055398,14.63859748840332,12.285995483398438,0.43073558807373047,2.8696446418762207,0.00972945601851852,0.0,72.4685287475586,23.41545867919922,0.1994401216506958,5.856391429901123,0.0,0.0,104.03592681884766,40.90653991699219,0.25980985164642334,8.74974250793457,0.0,0.00025318287037037036
LOL_v2_Real_val,00710,D:\LLIE_Project\data\raw\LOL-v2-Real\val\low\00710.png,D:\LLIE_Project\data\raw\LOL-v2-Real\val\high\00710.png,17.005538245541008,0.9041973686777421,0.12241469738530178,1.7582000000402331,30.108530044555664,32.18111038208008,0.29296207427978516,4.357231616973877,7.233796296296296e-05,0.0,94.78055572509766,42.01215744018555,0.16805225610733032,8.302323341369629,0.0,0.0,126.20205688476562,57.08110809326172,0.1875535100698471,10.428502082824707,0.0,0.10926649305555555
LOL_v2_Real_val,00711,D:\LLIE_Project\data\raw\LOL-v2-Real\val\low\00711.png,D:\LLIE_Project\data\raw\LOL-v2-Real\val\high\00711.png,16.961889524624667,0.9031198680279189,0.12307155833524816,1.608200000191573,30.002952575683594,32.09416198730469,0.29332610964775085,4.353704452514648,0.00010850694444444444,0.0,94.60064697265625,41.952205657958984,0.1679137647151947,8.302192687988281,0.0,0.0,126.20205688476562,57.08110809326172,0.1875535100698471,10.428502082824707,0.0,0.10926649305555555
LOL_v2_Real_val,00712,D:\LLIE_Project\data\raw\LOL-v2-Real\val\low\00712.png,D:\LLIE_Project\data\raw\LOL-v2-Real\val\high\00712.png,15.624946157506463,0.8608063915957174,0.15614872352749692,1.9017000013263896,29.255828857421875,14.819916725158691,0.2036411464214325,3.4652342796325684,3.616898148148148e-05,0.0,100.32992553710938,24.895465850830078,0.11641749739646912,6.352142810821533,0.0,0.0019892939814814816,140.3364715576172,36.011474609375,0.12401129305362701,9.404465675354004,0.0,0.00636574074074074
LOL_v2_Real_val,00713,D:\LLIE_Project\data\raw\LOL-v2-Real\val\low\00713.png,D:\LLIE_Project\data\raw\LOL-v2-Real\val\high\00713.png,15.72404505691674,0.863077709784993,0.15429133994906558,2.6431000005686656,29.53700828552246,14.923378944396973,0.20250317454338074,3.4848849773406982,0.0,0.0,100.79082489013672,24.962478637695312,0.11666633188724518,6.390226364135742,0.0,0.002025462962962963,140.3364715576172,36.011474609375,0.12401129305362701,9.404465675354004,0.0,0.00636574074074074
LOL_v2_Real_val,00714,D:\LLIE_Project\data\raw\LOL-v2-Real\val\low\00714.png,D:\LLIE_Project\data\raw\LOL-v2-Real\val\high\00714.png,19.611466032098317,0.8652851706409538,0.09023749407599954,1.680899998973473,12.364571571350098,9.43944263458252,0.4310026466846466,6.139407157897949,0.0027488425925925927,0.0,62.48196029663086,23.4653263092041,0.20347517728805542,14.528468132019043,0.0,0.0,85.12520599365234,35.2493782043457,0.18503572046756744,23.84726905822754,0.0,0.0
LOL_v2_Real_val,00715,D:\LLIE_Project\data\raw\LOL-v2-Real\val\low\00715.png,D:\LLIE_Project\data\raw\LOL-v2-Real\val\high\00715.png,19.749574836197578,0.8635291929080803,0.08790367724848729,2.21370000144816,12.613164901733398,9.48950481414795,0.38339000940322876,6.211012840270996,0.001808449074074074,0.0,63.54971694946289,23.171192169189453,0.16405552625656128,14.616544723510742,0.0,0.0,85.12520599365234,35.2493782043457,0.18503572046756744,23.84726905822754,0.0,0.0
LOL_v2_Real_val,00716,D:\LLIE_Project\data\raw\LOL-v2-Real\val\low\00716.png,D:\LLIE_Project\data\raw\LOL-v2-Real\val\high\00716.png,20.73098047991911,0.8955768651386977,0.07630307814654182,1.9773999993049074,25.06475067138672,16.147865295410156,0.16101905703544617,4.423104286193848,0.0,0.0,92.6563949584961,24.558818817138672,0.08444815129041672,8.033587455749512,0.0,0.0,111.80046844482422,37.2967414855957,0.09014283120632172,11.930707931518555,0.0,0.009620949074074073
LOL_v2_Real_val,00717,D:\LLIE_Project\data\raw\LOL-v2-Real\val\low\00717.png,D:\LLIE_Project\data\raw\LOL-v2-Real\val\high\00717.png,13.334725790106814,0.6718262995149126,0.2024743772020527,1.7477000001235865,8.838518142700195,8.63492488861084,0.28301170468330383,2.3330774307250977,0.0029296875,0.0,60.21490478515625,19.109752655029297,0.07701791077852249,5.248867988586426,0.0,0.0,111.80046844482422,37.2967414855957,0.09014283120632172,11.930707931518555,0.0,0.009620949074074073
LOL_v2_Real_val,00718,D:\LLIE_Project\data\raw\LOL-v2-Real\val\low\00718.png,D:\LLIE_Project\data\raw\LOL-v2-Real\val\high\00718.png,21.29980283907649,0.9082641937557295,0.05525258756151386,2.2903000008227536,31.43336296081543,27.43611717224121,0.256652295589447,6.6910529136657715,0.0017722800925925927,0.0,97.19417572021484,40.87008285522461,0.13932861387729645,11.68276596069336,0.0,0.0016637731481481482,98.24333953857422,60.6738395690918,0.14654816687107086,14.569403648376465,0.00047019675925925923,0.02687355324074074
LOL_v2_Real_val,00719,D:\LLIE_Project\data\raw\LOL-v2-Real\val\low\00719.png,D:\LLIE_Project\data\raw\LOL-v2-Real\val\high\00719.png,21.306224905922953,0.908933116328748,0.05460126166250191,1.706900000499445,31.32285499572754,27.39990234375,0.2622842490673065,6.637667179107666,0.00267650462962963,0.0,96.91604614257812,40.9310417175293,0.14158320426940918,11.653034210205078,0.0,0.00267650462962963,98.24333953857422,60.6738395690918,0.14654816687107086,14.569403648376465,0.00047019675925925923,0.02687355324074074
LOL_v2_Real_val,00720,D:\LLIE_Project\data\raw\LOL-v2-Real\val\low\00720.png,D:\LLIE_Project\data\raw\LOL-v2-Real\val\high\00720.png,21.699396479551037,0.892159930297888,0.07233299554563036,2.548700000261306,11.516627311706543,6.69627571105957,0.19944104552268982,4.7104082107543945,0.001338252314814815,0.0,63.27836227416992,19.94713020324707,0.07507539540529251,11.671756744384766,0.0,0.0,81.73807525634766,27.898561477661133,0.057730529457330704,19.587350845336914,0.0,0.0
LOL_v2_Real_val,00721,D:\LLIE_Project\data\raw\LOL-v2-Real\val\low\00721.png,D:\LLIE_Project\data\raw\LOL-v2-Real\val\high\00721.png,21.863779416148823,0.8876405060401179,0.07032696593041514,1.9444000008661533,11.599862098693848,6.708450794219971,0.17585481703281403,4.738786697387695,0.0016637731481481482,0.0,64.43350982666016,19.527565002441406,0.06624284386634827,11.574234008789062,0.0,0.0,81.73807525634766,27.898561477661133,0.057730529457330704,19.587350845336914,0.0,0.0
LOL_v2_Real_val,00722,D:\LLIE_Project\data\raw\LOL-v2-Real\val\low\00722.png,D:\LLIE_Project\data\raw\LOL-v2-Real\val\high\00722.png,30.01283219447737,0.9561670911783933,0.02516949784521963,4.0222999996331055,19.959186553955078,9.29466724395752,0.2878454923629761,7.545088768005371,0.0003978587962962963,0.0,79.54423522949219,21.696531295776367,0.12655134499073029,14.667770385742188,0.0,0.0,79.23136138916016,25.238935470581055,0.18411585688591003,20.873598098754883,0.0,0.0
LOL_v2_Real_val,00723,D:\LLIE_Project\data\raw\LOL-v2-Real\val\low\00723.png,D:\LLIE_Project\data\raw\LOL-v2-Real\val\high\00723.png,29.638181817852086,0.9577466876931897,0.026565052481258615,2.400800000032177,19.95362091064453,9.320361137390137,0.23483408987522125,7.572774887084961,3.616898148148148e-05,0.0,79.96240997314453,21.560640335083008,0.10466954112052917,14.811214447021484,0.0,0.0,79.23136138916016,25.238935470581055,0.18411585688591003,20.873598098754883,0.0,0.0
LOL_v2_Real_val,00724,D:\LLIE_Project\data\raw\LOL-v2-Real\val\low\00724.png,D:\LLIE_Project\data\raw\LOL-v2-Real\val\high\00724.png,27.931178688119964,0.9091558820883345,0.03209834005318436,1.6139999988808995,14.434956550598145,8.515752792358398,0.3138259947299957,4.226412296295166,0.0,0.0,72.19931030273438,18.055328369140625,0.11131123453378677,8.477700233459473,0.0,0.0,71.94033813476562,26.16153335571289,0.1549779325723648,12.936687469482422,0.0,0.0
LOL_v2_Real_val,00725,D:\LLIE_Project\data\raw\LOL-v2-Real\val\low\00725.png,D:\LLIE_Project\data\raw\LOL-v2-Real\val\high\00725.png,28.041726062663102,0.91395261061769,0.03248768974752987,1.643300000068848,14.876955032348633,8.633429527282715,0.3081996738910675,4.306244850158691,0.0,0.0,73.16195678710938,18.25625228881836,0.11184874922037125,8.582942962646484,0.0,0.0,71.94033813476562,26.16153335571289,0.1549779325723648,12.936687469482422,0.0,0.0
LOL_v2_Real_val,00726,D:\LLIE_Project\data\raw\LOL-v2-Real\val\low\00726.png,D:\LLIE_Project\data\raw\LOL-v2-Real\val\high\00726.png,28.769899278992014,0.8891266108331823,0.03010393965478037,2.0286999988456955,22.729883193969727,4.309821128845215,0.24610260128974915,7.54767370223999,0.0,0.0,90.25029754638672,9.555519104003906,0.1174340769648552,12.302900314331055,0.0,0.0,86.27515411376953,12.965614318847656,0.20313721895217896,22.529170989990234,0.0,0.0
LOL_v2_Real_val,00727,D:\LLIE_Project\data\raw\LOL-v2-Real\val\low\00727.png,D:\LLIE_Project\data\raw\LOL-v2-Real\val\high\00727.png,30.508268991075607,0.8868500008798298,0.024471081004423252,1.891300000352203,22.258588790893555,4.406596660614014,0.27850377559661865,7.742767333984375,0.0,0.0,87.36074829101562,11.158209800720215,0.12905259430408478,13.324912071228027,0.0,0.0,86.27515411376953,12.965614318847656,0.20313721895217896,22.529170989990234,0.0,0.0
LOL_v2_Real_val,00728,D:\LLIE_Project\data\raw\LOL-v2-Real\val\low\00728.png,D:\LLIE_Project\data\raw\LOL-v2-Real\val\high\00728.png,30.52027792815351,0.886112070415052,0.024449806587368835,2.222899998741923,22.20383644104004,4.405020236968994,0.27916571497917175,7.711050987243652,0.0,0.0,87.24468994140625,11.185301780700684,0.1290530115365982,13.28048324584961,0.0,0.0,86.27515411376953,12.965614318847656,0.20313721895217896,22.529170989990234,0.0,0.0
LOL_v2_Real_val,00729,D:\LLIE_Project\data\raw\LOL-v2-Real\val\low\00729.png,D:\LLIE_Project\data\raw\LOL-v2-Real\val\high\00729.png,23.34268192482302,0.9566321254894525,0.06169251086665135,1.8931999984488357,36.56544876098633,30.155916213989258,0.09981600195169449,5.171740531921387,0.0,0.0,109.81050872802734,38.21896743774414,0.0634443461894989,8.577637672424316,0.0,0.01001880787037037,97.33296203613281,49.004486083984375,0.07062642276287079,10.4446382522583,0.00014467592592592592,0.046296296296296294
LOL_v2_Real_val,00730,D:\LLIE_Project\data\raw\LOL-v2-Real\val\low\00730.png,D:\LLIE_Project\data\raw\LOL-v2-Real\val\high\00730.png,23.813429564311082,0.9608915747653709,0.05874168919581993,2.049799999440438,36.266090393066406,30.479753494262695,0.10436476022005081,5.246444225311279,0.0001808449074074074,0.0,109.22311401367188,38.849117279052734,0.06192772090435028,8.79713249206543,0.0,0.009584780092592593,97.33296203613281,49.004486083984375,0.07062642276287079,10.4446382522583,0.00014467592592592592,0.046296296296296294
LOL_v2_Real_val,00731,D:\LLIE_Project\data\raw\LOL-v2-Real\val\low\00731.png,D:\LLIE_Project\data\raw\LOL-v2-Real\val\high\00731.png,25.106592099352465,0.8987186820087418,0.04683060365564683,2.0922000003338326,27.748727798461914,11.353691101074219,0.1192307099699974,3.756995677947998,0.0018446180555555555,0.0,98.76927185058594,21.230661392211914,0.06173364445567131,6.507079601287842,0.0,0.0,103.78323364257812,33.50799560546875,0.0718298926949501,10.748376846313477,0.0014467592592592592,0.0
LOL_v2_Real_val,00732,D:\LLIE_Project\data\raw\LOL-v2-Real\val\low\00732.png,D:\LLIE_Project\data\raw\LOL-v2-Real\val\high\00732.png,25.271123839954434,0.9070169094926772,0.045602701224532784,2.041800000370131,27.487546920776367,11.580326080322266,0.0950988233089447,3.8233227729797363,0.001808449074074074,0.0,98.43762969970703,21.77638816833496,0.0544910803437233,6.704613208770752,0.0,0.0,103.78323364257812,33.50799560546875,0.0718298926949501,10.748376846313477,0.0014467592592592592,0.0
LOL_v2_Real_val,00733,D:\LLIE_Project\data\raw\LOL-v2-Real\val\low\00733.png,D:\LLIE_Project\data\raw\LOL-v2-Real\val\high\00733.png,27.308552622916523,0.9454006782692458,0.034825339971804155,2.183099999456317,25.316951751708984,10.673002243041992,0.37188708782196045,3.7890379428863525,0.0011574074074074073,0.0,92.19087982177734,21.480995178222656,0.2163628786802292,7.27769136428833,0.0,0.0,97.71638488769531,29.053546905517578,0.2615850567817688,9.969700813293457,0.0,0.0
LOL_v2_Real_val,00734,D:\LLIE_Project\data\raw\LOL-v2-Real\val\low\00734.png,D:\LLIE_Project\data\raw\LOL-v2-Real\val\high\00734.png,27.452603736957503,0.9453769961623023,0.034246209088493795,1.8596000008983538,25.52967071533203,10.72453498840332,0.37468183040618896,3.8224329948425293,0.0006510416666666666,0.0,92.46189880371094,21.45355796813965,0.22053247690200806,7.309886455535889,0.0,0.0,97.71638488769531,29.053546905517578,0.2615850567817688,9.969700813293457,0.0,0.0
LOL_v2_Real_val,00735,D:\LLIE_Project\data\raw\LOL-v2-Real\val\low\00735.png,D:\LLIE_Project\data\raw\LOL-v2-Real\val\high\00735.png,20.96984812441208,0.8974134839499033,0.06573336732153799,1.7227999996975996,19.95832061767578,15.738333702087402,0.235072061419487,6.967723846435547,0.0,0.0,79.31678009033203,30.726055145263672,0.10755972564220428,14.25432300567627,0.0,0.0,94.85930633544922,45.77766799926758,0.13002030551433563,21.11162757873535,0.0,0.0
LOL_v2_Real_val,00736,D:\LLIE_Project\data\raw\LOL-v2-Real\val\low\00736.png,D:\LLIE_Project\data\raw\LOL-v2-Real\val\high\00736.png,20.96779881082186,0.89720279960127,0.06566698410931755,1.8445000005158363,19.935707092285156,15.73636531829834,0.23587676882743835,6.915777206420898,0.0,0.0,79.33749389648438,30.702781677246094,0.10776219516992569,14.217435836791992,0.0,0.0,94.85930633544922,45.77766799926758,0.13002030551433563,21.11162757873535,0.0,0.0
LOL_v2_Real_val,00737,D:\LLIE_Project\data\raw\LOL-v2-Real\val\low\00737.png,D:\LLIE_Project\data\raw\LOL-v2-Real\val\high\00737.png,22.71774234884284,0.8877079761659294,0.06535281013039981,1.8283000008523231,23.553485870361328,6.849667072296143,0.13878028094768524,3.4140100479125977,0.0,0.0,91.61820220947266,13.69565486907959,0.07703045755624771,6.1118927001953125,0.0,0.0,107.08988952636719,21.47674560546875,0.12351647764444351,10.148885726928711,0.0,0.0
LOL_v2_Real_val,00738,D:\LLIE_Project\data\raw\LOL-v2-Real\val\low\00738.png,D:\LLIE_Project\data\raw\LOL-v2-Real\val\high\00738.png,22.2693693572769,0.8972205971091126,0.07028725567985983,1.8094999995810213,22.98736000061035,6.985202312469482,0.21052142977714539,3.491847515106201,0.0,0.0,90.24215698242188,14.285725593566895,0.11164168268442154,6.363722801208496,0.0,0.0,107.08988952636719,21.47674560546875,0.12351647764444351,10.148885726928711,0.0,0.0
LOL_v2_Real_val,00739,D:\LLIE_Project\data\raw\LOL-v2-Real\val\low\00739.png,D:\LLIE_Project\data\raw\LOL-v2-Real\val\high\00739.png,14.763493363528944,0.6744912768804652,0.16645973055970434,1.768800000718329,8.871609687805176,5.390799045562744,0.6889036893844604,1.9159520864486694,0.09125434027777778,0.0,62.17250061035156,15.109919548034668,0.23020407557487488,4.962075233459473,0.0,0.0,103.8912353515625,31.534526824951172,0.3522442579269409,10.095819473266602,0.001808449074074074,0.0
LOL_v2_Real_val,00740,D:\LLIE_Project\data\raw\LOL-v2-Real\val\low\00740.png,D:\LLIE_Project\data\raw\LOL-v2-Real\val\high\00740.png,14.735557487826451,0.6741790493724743,0.16701969819910387,1.8868999995902414,8.799816131591797,5.364326477050781,0.6924977898597717,1.8953402042388916,0.09205005787037036,0.0,62.01433563232422,15.104494094848633,0.23123815655708313,4.90852689743042,0.0,0.0,103.8912353515625,31.534526824951172,0.3522442579269409,10.095819473266602,0.001808449074074074,0.0
LOL_v2_Real_val,00741,D:\LLIE_Project\data\raw\LOL-v2-Real\val\low\00741.png,D:\LLIE_Project\data\raw\LOL-v2-Real\val\high\00741.png,22.910209710858894,0.9010720200201257,0.06344649370978861,1.5457000008609612,17.792984008789062,5.901379585266113,0.3518051505088806,2.607074737548828,0.0,0.0,81.41144561767578,13.001592636108398,0.16246159374713898,5.0126118659973145,0.0,0.0,96.80287170410156,19.016155242919922,0.2184561789035797,7.5613532066345215,0.0,0.0
LOL_v2_Real_val,00742,D:\LLIE_Project\data\raw\LOL-v2-Real\val\low\00742.png,D:\LLIE_Project\data\raw\LOL-v2-Real\val\high\00742.png,14.66580690086911,0.6452254811448079,0.17548437679515166,1.9240000001445878,5.129471302032471,2.676649570465088,0.6214156150817871,1.4120832681655884,0.013093171296296295,0.0,53.97279739379883,8.875293731689453,0.1394757628440857,3.0947535037994385,0.0,0.0,96.80287170410156,19.016155242919922,0.2184561789035797,7.5613532066345215,0.0,0.0
LOL_v2_Real_val,00743,D:\LLIE_Project\data\raw\LOL-v2-Real\val\low\00743.png,D:\LLIE_Project\data\raw\LOL-v2-Real\val\high\00743.png,23.804514446884003,0.8265658031854561,0.054962382597081805,1.8058000005112262,21.76939582824707,6.503428936004639,0.6650218963623047,3.3045284748077393,0.0005787037037037037,0.0,87.88211059570312,12.416712760925293,0.3966143727302551,5.71986722946167,0.0,0.00021701388888888888,101.31501007080078,19.79738998413086,0.31582245230674744,8.925765991210938,0.0,0.0
LOL_v2_Real_val,00744,D:\LLIE_Project\data\raw\LOL-v2-Real\val\low\00744.png,D:\LLIE_Project\data\raw\LOL-v2-Real\val\high\00744.png,19.915549983249132,0.8567142608697359,0.0912644105799058,1.9390000015846454,14.765918731689453,5.690195560455322,0.5815946459770203,2.6572012901306152,3.616898148148148e-05,0.0,75.40147399902344,13.649038314819336,0.2990965247154236,5.352341651916504,0.0,0.00021701388888888888,101.31501007080078,19.79738998413086,0.31582245230674744,8.925765991210938,0.0,0.0
LOL_v2_Real_val,00745,D:\LLIE_Project\data\raw\LOL-v2-Real\val\low\00745.png,D:\LLIE_Project\data\raw\LOL-v2-Real\val\high\00745.png,20.43305698296242,0.8725436702152678,0.06684822381711474,1.5000000003055902,22.014530181884766,17.001359939575195,0.4855623245239258,3.0385890007019043,0.0,0.0,87.73881530761719,31.27156639099121,0.2228260636329651,5.672610282897949,0.0,0.0,102.76018524169922,51.418792724609375,0.273200124502182,8.615519523620605,0.0,0.0
LOL_v2_Real_val,00746,D:\LLIE_Project\data\raw\LOL-v2-Real\val\low\00746.png,D:\LLIE_Project\data\raw\LOL-v2-Real\val\high\00746.png,20.25065102451881,0.8654910051124802,0.06805087818818933,1.4859000002616085,21.824825286865234,16.68467903137207,0.48468849062919617,3.078458309173584,0.0,0.0,87.42639923095703,30.793310165405273,0.22228401899337769,5.718281269073486,0.0,0.0,102.76018524169922,51.418792724609375,0.273200124502182,8.615519523620605,0.0,0.0
LOL_v2_Real_val,00747,D:\LLIE_Project\data\raw\LOL-v2-Real\val\low\00747.png,D:\LLIE_Project\data\raw\LOL-v2-Real\val\high\00747.png,20.45354397260064,0.8369931782791469,0.08538716634114583,1.5758000008645467,14.141243934631348,6.66441011428833,0.38910067081451416,4.537572383880615,0.000904224537037037,0.0,73.07022094726562,14.47890853881836,0.16767147183418274,8.784871101379395,0.0,0.00021701388888888888,95.42274475097656,22.328746795654297,0.21115435659885406,15.08185863494873,0.0,0.0
LOL_v2_Real_val,00748,D:\LLIE_Project\data\raw\LOL-v2-Real\val\low\00748.png,D:\LLIE_Project\data\raw\LOL-v2-Real\val\high\00748.png,20.57322385260203,0.8477660987003012,0.08457130731320849,2.056200000879471,14.235305786132812,6.693585395812988,0.3754824697971344,4.611706256866455,0.0009403935185185185,0.0,73.20646667480469,14.57690143585205,0.16210708022117615,8.979801177978516,0.0,0.00021701388888888888,95.42274475097656,22.328746795654297,0.21115435659885406,15.08185863494873,0.0,0.0
LOL_v2_Real_val,00749,D:\LLIE_Project\data\raw\LOL-v2-Real\val\low\00749.png,D:\LLIE_Project\data\raw\LOL-v2-Real\val\high\00749.png,18.40988002177769,0.722594165742601,0.11053155637254902,1.5086999992490746,13.055469512939453,4.588706016540527,0.5048754215240479,2.328671932220459,0.0,0.0,73.46163940429688,9.490009307861328,0.21977116167545319,4.792331695556641,0.0,0.0,103.78079986572266,20.28989028930664,0.20156028866767883,9.046951293945312,0.0,0.0
LOL_v2_Real_val,00750,D:\LLIE_Project\data\raw\LOL-v2-Real\val\low\00750.png,D:\LLIE_Project\data\raw\LOL-v2-Real\val\high\00750.png,17.879465265940382,0.766920864720512,0.11964287851371017,1.753900000039721,11.965387344360352,4.563478469848633,0.3984435200691223,2.394603729248047,7.233796296296296e-05,0.0,71.14501953125,10.815478324890137,0.14853298664093018,5.038068771362305,0.0,0.0,103.78079986572266,20.28989028930664,0.20156028866767883,9.046951293945312,0.0,0.0
LOL_v2_Real_val,00751,D:\LLIE_Project\data\raw\LOL-v2-Real\val\low\00751.png,D:\LLIE_Project\data\raw\LOL-v2-Real\val\high\00751.png,19.745841901656775,0.8390807774787827,0.09214012295592065,1.9978999989689328,10.084989547729492,5.396463394165039,0.562114417552948,2.096519947052002,0.016384548611111112,0.0,64.82289123535156,16.096675872802734,0.17401938140392303,4.633753299713135,0.0,0.0,89.09818267822266,26.188600540161133,0.2584870457649231,7.931502342224121,0.0,0.0
LOL_v2_Real_val,00752,D:\LLIE_Project\data\raw\LOL-v2-Real\val\low\00752.png,D:\LLIE_Project\data\raw\LOL-v2-Real\val\high\00752.png,20.265699528559416,0.7561839098303708,0.08613338096469056,1.8165000001317821,10.773191452026367,5.454868793487549,0.5019241571426392,2.159116506576538,0.0,0.0,68.76060485839844,12.573278427124023,0.20404359698295593,4.410144805908203,0.0,0.0,89.09818267822266,26.188600540161133,0.2584870457649231,7.931502342224121,0.0,0.0
LOL_v2_Real_val,00753,D:\LLIE_Project\data\raw\LOL-v2-Real\val\low\00753.png,D:\LLIE_Project\data\raw\LOL-v2-Real\val\high\00753.png,21.233784077869714,0.7639492627158313,0.07867434632544425,1.536899999337038,12.24333667755127,3.7125697135925293,0.6060144305229187,2.7072813510894775,0.00010850694444444444,0.0,59.08705139160156,8.072318077087402,0.3126436471939087,7.329927444458008,0.0,0.0,76.34677124023438,13.239418029785156,0.2685922086238861,8.558850288391113,0.0,0.0
LOL_v2_Real_val,00754,D:\LLIE_Project\data\raw\LOL-v2-Real\val\low\00754.png,D:\LLIE_Project\data\raw\LOL-v2-Real\val\high\00754.png,21.18694049008067,0.7594381474353599,0.07911872863769531,1.833700000133831,12.130743980407715,3.6879637241363525,0.6079995632171631,2.689227819442749,0.00014467592592592592,0.0,58.95445251464844,8.012139320373535,0.3131895363330841,7.32716178894043,0.0,0.0,76.34677124023438,13.239418029785156,0.2685922086238861,8.558850288391113,0.0,0.0
LOL_v2_Real_val,00755,D:\LLIE_Project\data\raw\LOL-v2-Real\val\low\00755.png,D:\LLIE_Project\data\raw\LOL-v2-Real\val\high\00755.png,18.818102851593775,0.6846978026986857,0.10659438488530178,2.034000001003733,6.302799701690674,2.337207317352295,0.741981565952301,1.8430017232894897,0.005208333333333333,0.0,51.54344940185547,7.187195301055908,0.2847323417663574,5.439906597137451,0.0,0.0,76.34677124023438,13.239418029785156,0.2685922086238861,8.558850288391113,0.0,0.0
LOL_v2_Real_val,00756,D:\LLIE_Project\data\raw\LOL-v2-Real\val\low\00756.png,D:\LLIE_Project\data\raw\LOL-v2-Real\val\high\00756.png,18.780948812615005,0.6857264196055793,0.10716599857105928,1.6168000001925975,6.22174596786499,2.310870885848999,0.7495380640029907,1.825439691543579,0.006944444444444444,0.0,51.38883590698242,7.167276382446289,0.28600022196769714,5.417776584625244,0.0,0.0,76.34677124023438,13.239418029785156,0.2685922086238861,8.558850288391113,0.0,0.0
LOL_v2_Real_val,00757,D:\LLIE_Project\data\raw\LOL-v2-Real\val\low\00757.png,D:\LLIE_Project\data\raw\LOL-v2-Real\val\high\00757.png,15.292902661575962,0.612307774972337,0.15787363987342984,1.4983000000938773,8.249091148376465,3.658132553100586,0.5898034572601318,1.9455602169036865,0.01848234953703704,0.0,59.22201156616211,7.9060587882995605,0.23082558810710907,4.560988426208496,0.0,0.0,96.35010528564453,16.208194732666016,0.23278000950813293,7.941953659057617,0.0,0.0
LOL_v2_Real_val,00758,D:\LLIE_Project\data\raw\LOL-v2-Real\val\low\00758.png,D:\LLIE_Project\data\raw\LOL-v2-Real\val\high\00758.png,16.00550216502923,0.7323794186671452,0.14698719697840074,1.5002999989519594,8.613424301147461,3.753695011138916,0.44801533222198486,2.0236637592315674,0.0006148726851851852,0.0,60.83499526977539,9.063492774963379,0.2072640210390091,4.455999851226807,0.0,0.0,96.35010528564453,16.208194732666016,0.23278000950813293,7.941953659057617,0.0,0.0
LOL_v2_Real_val,00759,D:\LLIE_Project\data\raw\LOL-v2-Real\val\low\00759.png,D:\LLIE_Project\data\raw\LOL-v2-Real\val\high\00759.png,24.30215008521592,0.9180366342938575,0.047435547323787915,1.7121000000770437,17.39552116394043,13.277998924255371,0.3240671753883362,5.080648422241211,7.233796296296296e-05,0.0,74.77437591552734,27.606786727905273,0.16574157774448395,10.810420036315918,0.0,0.00043402777777777775,78.38843536376953,38.75456619262695,0.22390468418598175,13.390750885009766,0.0,0.0
LOL_v2_Real_val,00760,D:\LLIE_Project\data\raw\LOL-v2-Real\val\low\00760.png,D:\LLIE_Project\data\raw\LOL-v2-Real\val\high\00760.png,24.545194994038727,0.9259497041686174,0.04511888915417241,2.2164999991218792,17.20526695251465,13.434584617614746,0.32588285207748413,5.278319835662842,0.0010127314814814814,0.0,73.90064239501953,28.45213508605957,0.16387517750263214,11.221384048461914,0.0,0.0005425347222222222,78.38843536376953,38.75456619262695,0.22390468418598175,13.390750885009766,0.0,0.0
LOL_v2_Real_val,00761,D:\LLIE_Project\data\raw\LOL-v2-Real\val\low\00761.png,D:\LLIE_Project\data\raw\LOL-v2-Real\val\high\00761.png,20.50632778201296,0.8446214574291908,0.06686623517204733,1.4656999992439523,10.759632110595703,8.770633697509766,0.5369475483894348,3.4090237617492676,0.04267939814814815,0.0,60.15697479248047,22.17597198486328,0.2305741012096405,8.417736053466797,0.0,0.0,73.01602935791016,36.115360260009766,0.31230342388153076,13.248111724853516,0.0,0.0
LOL_v2_Real_val,00762,D:\LLIE_Project\data\raw\LOL-v2-Real\val\low\00762.png,D:\LLIE_Project\data\raw\LOL-v2-Real\val\high\00762.png,20.242209773116173,0.8324666460560586,0.06895552242503447,1.8013000008068047,10.433971405029297,8.501684188842773,0.5506096482276917,3.3961198329925537,0.043764467592592594,0.0,59.34050750732422,21.6834716796875,0.2370176911354065,8.349761962890625,0.0,0.0,73.01602935791016,36.115360260009766,0.31230342388153076,13.248111724853516,0.0,0.0
LOL_v2_Real_val,00763,D:\LLIE_Project\data\raw\LOL-v2-Real\val\low\00763.png,D:\LLIE_Project\data\raw\LOL-v2-Real\val\high\00763.png,31.303044189189304,0.8582433114530525,0.022217398998784083,1.7698999999993248,14.364856719970703,2.661348342895508,0.41071245074272156,1.964592456817627,0.00028935185185185184,0.0,71.919189453125,10.527960777282715,0.165317103266716,4.17142391204834,0.0,0.0,68.82340240478516,8.701559066772461,0.1637943834066391,5.2227277755737305,0.0,0.0
LOL_v2_Real_val,00764,D:\LLIE_Project\data\raw\LOL-v2-Real\val\low\00764.png,D:\LLIE_Project\data\raw\LOL-v2-Real\val\high\00764.png,26.299257737531864,0.8312676886090182,0.04367014567057292,1.8727000006037997,13.1981201171875,2.859644651412964,0.543026864528656,2.0256760120391846,0.0011574074074074073,0.0,59.19801712036133,9.106389045715332,0.24112394452095032,5.140830993652344,0.0,0.0,68.82340240478516,8.701559066772461,0.1637943834066391,5.2227277755737305,0.0,0.0
LOL_v2_Real_val,00765,D:\LLIE_Project\data\raw\LOL-v2-Real\val\low\00765.png,D:\LLIE_Project\data\raw\LOL-v2-Real\val\high\00765.png,20.76266460904066,0.8458246310456053,0.06823101417691099,1.8073000010190299,9.653470993041992,7.760669708251953,0.5183603763580322,4.659112930297852,0.021592881944444444,0.0,58.64229965209961,20.315847396850586,0.2070063054561615,10.826951026916504,0.0,0.0,73.07437133789062,33.5999755859375,0.3004717528820038,20.243854522705078,0.0005425347222222222,0.0
LOL_v2_Real_val,00766,D:\LLIE_Project\data\raw\LOL-v2-Real\val\low\00766.png,D:\LLIE_Project\data\raw\LOL-v2-Real\val\high\00766.png,20.670043123999108,0.8413707371626058,0.06897523917403875,1.9059999995079124,9.586973190307617,7.673964023590088,0.5195254683494568,4.657092094421387,0.021448206018518517,0.0,58.48176956176758,20.185632705688477,0.20818009972572327,10.838627815246582,0.0,0.0,73.07437133789062,33.5999755859375,0.3004717528820038,20.243854522705078,0.0005425347222222222,0.0
LOL_v2_Real_val,00767,D:\LLIE_Project\data\raw\LOL-v2-Real\val\low\00767.png,D:\LLIE_Project\data\raw\LOL-v2-Real\val\high\00767.png,14.99539791228239,0.635677933194675,0.1449939353793275,1.6247000003204448,3.9421348571777344,5.235398292541504,0.8435372710227966,3.1245923042297363,0.2540147569444444,0.0,35.38926696777344,18.322067260742188,0.30773603916168213,8.75045108795166,0.0,0.0,64.97113800048828,38.49068832397461,0.5785375833511353,22.694393157958984,0.008969907407407407,0.0010127314814814814
LOL_v2_Real_val,00768,D:\LLIE_Project\data\raw\LOL-v2-Real\val\low\00768.png,D:\LLIE_Project\data\raw\LOL-v2-Real\val\high\00768.png,15.298563137224193,0.6374667576473362,0.14247855392156863,1.8686000003071968,3.9957895278930664,5.506979465484619,0.8322460651397705,3.296051025390625,0.2358940972222222,0.0,33.80487060546875,18.99393081665039,0.43866562843322754,8.554404258728027,0.0,0.0,64.97113800048828,38.49068832397461,0.5785375833511353,22.694393157958984,0.008969907407407407,0.0010127314814814814
LOL_v2_Real_val,00769,D:\LLIE_Project\data\raw\LOL-v2-Real\val\low\00769.png,D:\LLIE_Project\data\raw\LOL-v2-Real\val\high\00769.png,25.13702684980725,0.9271639071679834,0.03500448114731732,2.1612000000459375,11.10593032836914,15.132075309753418,0.5726034641265869,4.702209949493408,0.003399884259259259,0.0,59.82400894165039,27.97890853881836,0.22313128411769867,8.671653747558594,0.0,3.616898148148148e-05,62.41292953491211,39.944393157958984,0.29182660579681396,12.088727951049805,0.0,0.004087094907407407
LOL_v2_Real_val,00770,D:\LLIE_Project\data\raw\LOL-v2-Real\val\low\00770.png,D:\LLIE_Project\data\raw\LOL-v2-Real\val\high\00770.png,25.187004936262177,0.9275660094074968,0.03479498694924747,2.2258000008150702,11.16334056854248,15.165218353271484,0.5727822780609131,4.700814247131348,0.0030381944444444445,0.0,59.95930862426758,28.01607322692871,0.22418051958084106,8.68056869506836,0.0,7.233796296296296e-05,62.41292953491211,39.944393157958984,0.29182660579681396,12.088727951049805,0.0,0.004087094907407407
LOL_v2_Real_val,00771,D:\LLIE_Project\data\raw\LOL-v2-Real\val\low\00771.png,D:\LLIE_Project\data\raw\LOL-v2-Real\val\high\00771.png,27.495645138020937,0.9147012884107655,0.03268881779091031,1.697499999863794,15.78460693359375,6.430502891540527,0.5354386568069458,4.576447010040283,0.0,0.0,74.36074829101562,13.699259757995605,0.26661694049835205,9.35706615447998,0.0,0.0,77.76761627197266,19.24651336669922,0.3414417803287506,13.103565216064453,0.0,0.0
LOL_v2_Real_val,00772,D:\LLIE_Project\data\raw\LOL-v2-Real\val\low\00772.png,D:\LLIE_Project\data\raw\LOL-v2-Real\val\high\00772.png,27.5474569054083,0.9153523969159141,0.033114051818847655,1.862799999798881,15.762104034423828,6.4545111656188965,0.561909556388855,4.602640151977539,0.0,0.0,73.50078582763672,13.823088645935059,0.2980544865131378,9.450617790222168,0.0,0.0,77.76761627197266,19.24651336669922,0.3414417803287506,13.103565216064453,0.0,0.0
LOL_v2_Real_val,00773,D:\LLIE_Project\data\raw\LOL-v2-Real\val\low\00773.png,D:\LLIE_Project\data\raw\LOL-v2-Real\val\high\00773.png,15.102680233242285,0.6510902561764117,0.16602995629404105,1.830199998948956,6.607668876647949,3.996156930923462,0.6774737238883972,2.2443034648895264,0.038628472222222224,0.0,50.93654251098633,12.36087417602539,0.2614370286464691,6.382759094238281,0.0,0.0,92.443115234375,23.78203582763672,0.22846712172031403,11.536134719848633,0.0,0.0
LOL_v2_Real_val,00774,D:\LLIE_Project\data\raw\LOL-v2-Real\val\low\00774.png,D:\LLIE_Project\data\raw\LOL-v2-Real\val\high\00774.png,14.993771560090936,0.567068069804322,0.1650870080087699,1.8030999999609776,6.687938690185547,3.9791111946105957,0.6706199645996094,2.2408831119537354,0.04000289351851852,0.0,51.77396011352539,10.800863265991211,0.21924230456352234,6.316919326782227,0.0,0.0,92.443115234375,23.78203582763672,0.22846712172031403,11.536134719848633,0.0,0.0
LOL_v2_Real_val,00775,D:\LLIE_Project\data\raw\LOL-v2-Real\val\low\00775.png,D:\LLIE_Project\data\raw\LOL-v2-Real\val\high\00775.png,18.61091057824591,0.8538241031818196,0.09725753933775659,1.535699999294593,14.837955474853516,11.103324890136719,0.48069846630096436,5.638754367828369,0.021122685185185185,0.0,68.19965362548828,27.337121963500977,0.22978149354457855,11.743227005004883,0.0,0.0,92.51871490478516,42.96638870239258,0.2777650058269501,21.4097957611084,0.0,0.0
LOL_v2_Real_val,00776,D:\LLIE_Project\data\raw\LOL-v2-Real\val\low\00776.png,D:\LLIE_Project\data\raw\LOL-v2-Real\val\high\00776.png,18.515071158750377,0.8409107672533688,0.09835835625143612,1.5007000001787674,14.761815071105957,10.93193244934082,0.4697735607624054,5.513078212738037,0.019241898148148147,0.0,68.9837875366211,26.308671951293945,0.20313981175422668,11.454062461853027,0.0,0.0,92.51871490478516,42.96638870239258,0.2777650058269501,21.4097957611084,0.0,0.0
LOL_v2_Real_val,00777,D:\LLIE_Project\data\raw\LOL-v2-Real\val\low\00777.png,D:\LLIE_Project\data\raw\LOL-v2-Real\val\high\00777.png,15.180163440291441,0.6914112437504281,0.1489197525323606,1.8274000012752367,8.779718399047852,7.445733547210693,0.5304306745529175,4.016806602478027,0.05931712962962963,0.0,55.43297576904297,21.559171676635742,0.1749005764722824,9.176803588867188,0.0,0.0,92.51871490478516,42.96638870239258,0.2777650058269501,21.4097957611084,0.0,0.0
LOL_v2_Real_val,00778,D:\LLIE_Project\data\raw\LOL-v2-Real\val\low\00778.png,D:\LLIE_Project\data\raw\LOL-v2-Real\val\high\00778.png,15.02733504632065,0.6767523075182267,0.15207212859509037,1.5001000010670396,8.413426399230957,7.011215686798096,0.5281225442886353,3.7118241786956787,0.06282552083333333,0.0,54.52939224243164,21.008258819580078,0.17533773183822632,8.301016807556152,0.0,0.0,92.51871490478516,42.96638870239258,0.2777650058269501,21.4097957611084,0.0,0.0
LOL_v2_Real_val,00779,D:\LLIE_Project\data\raw\LOL-v2-Real\val\low\00779.png,D:\LLIE_Project\data\raw\LOL-v2-Real\val\high\00779.png,26.251102394092868,0.9486802957027515,0.037972607332117415,1.598500000909553,9.158809661865234,6.729383945465088,0.5995962619781494,2.7355430126190186,0.05700231481481482,0.0,55.18381118774414,19.92789649963379,0.3552173376083374,6.679451942443848,0.0,0.0,59.43944549560547,25.552885055541992,0.46947363018989563,8.396368026733398,0.0,0.0
LOL_v2_Real_val,00780,D:\LLIE_Project\data\raw\LOL-v2-Real\val\low\00780.png,D:\LLIE_Project\data\raw\LOL-v2-Real\val\high\00780.png,26.079139002792164,0.9475208788621224,0.03882960151223575,1.5535000002273591,9.056578636169434,6.684033393859863,0.6059890985488892,2.7471723556518555,0.06441695601851852,0.0,54.940311431884766,19.899850845336914,0.35598456859588623,6.712804317474365,0.0,0.0,59.43944549560547,25.552885055541992,0.46947363018989563,8.396368026733398,0.0,0.0
LOL_v2_Real_val,00781,D:\LLIE_Project\data\raw\LOL-v2-Real\val\low\00781.png,D:\LLIE_Project\data\raw\LOL-v2-Real\val\high\00781.png,18.51523999594354,0.775077211313408,0.10719975490196078,2.0559999993565725,11.561041831970215,6.131435394287109,0.33083075284957886,5.06688117980957,0.0,0.0,63.8857421875,14.973520278930664,0.11765985935926437,11.57822322845459,0.0,0.0,91.50247192382812,24.69982147216797,0.13658082485198975,20.44622230529785,0.0,0.0
LOL_v2_Real_val,00782,D:\LLIE_Project\data\raw\LOL-v2-Real\val\low\00782.png,D:\LLIE_Project\data\raw\LOL-v2-Real\val\high\00782.png,18.464058015591082,0.7735923769544857,0.10787363239363128,2.125000000887667,11.510486602783203,6.085350036621094,0.33359700441360474,5.074638366699219,0.0,0.0,63.68732452392578,14.945321083068848,0.11780039221048355,11.627315521240234,0.0,0.0,91.50247192382812,24.69982147216797,0.13658082485198975,20.44622230529785,0.0,0.0
LOL_v2_Real_val,00783,D:\LLIE_Project\data\raw\LOL-v2-Real\val\low\00783.png,D:\LLIE_Project\data\raw\LOL-v2-Real\val\high\00783.png,18.4978630962058,0.7748437559387115,0.10744102328431372,1.8563000012363773,11.520030975341797,6.109699249267578,0.3317141532897949,5.061931610107422,0.0,0.0,63.81584930419922,14.9679536819458,0.11789573729038239,11.60058879852295,0.0,0.0,91.50247192382812,24.69982147216797,0.13658082485198975,20.44622230529785,0.0,0.0
LOL_v2_Real_val,00784,D:\LLIE_Project\data\raw\LOL-v2-Real\val\low\00784.png,D:\LLIE_Project\data\raw\LOL-v2-Real\val\high\00784.png,15.071379675596368,0.6103433041248459,0.16441185147154566,1.508299999841256,4.892811298370361,3.3318030834198,0.5096619129180908,2.7701456546783447,0.014829282407407407,0.0,49.473182678222656,11.218452453613281,0.11361997574567795,6.309271335601807,0.0,0.0,91.50247192382812,24.69982147216797,0.13658082485198975,20.44622230529785,0.0,0.0
LOL_v2_Real_val,00785,D:\LLIE_Project\data\raw\LOL-v2-Real\val\low\00785.png,D:\LLIE_Project\data\raw\LOL-v2-Real\val\high\00785.png,15.071967061067106,0.6109960281063274,0.16443128398820467,1.5836999991734046,4.890606880187988,3.328640937805176,0.5099000334739685,2.7831742763519287,0.014865451388888888,0.0,49.47032928466797,11.232089042663574,0.11351437121629715,6.288349628448486,0.0,0.0,91.50247192382812,24.69982147216797,0.13658082485198975,20.44622230529785,0.0,0.0
LOL_v2_Real_val,00786,D:\LLIE_Project\data\raw\LOL-v2-Real\val\low\00786.png,D:\LLIE_Project\data\raw\LOL-v2-Real\val\high\00786.png,15.06209586156654,0.61197888213484,0.16468063055300244,1.945599999089609,4.886346817016602,3.333975315093994,0.5136372447013855,2.786449909210205,0.017216435185185185,0.0,49.40837097167969,11.264254570007324,0.11340250074863434,6.335934638977051,0.0,0.0,91.50247192382812,24.69982147216797,0.13658082485198975,20.44622230529785,0.0,0.0
LOL_v2_Real_val,00787,D:\LLIE_Project\data\raw\LOL-v2-Real\val\low\00787.png,D:\LLIE_Project\data\raw\LOL-v2-Real\val\high\00787.png,15.720771622137624,0.6259541138879828,0.15267366895488665,1.5913999995973427,3.4738566875457764,2.657782793045044,0.6920862197875977,1.7471861839294434,0.07906539351851852,0.0,40.172706604003906,12.08324146270752,0.20414718985557556,4.510984897613525,0.0,0.0,77.62432861328125,24.274526596069336,0.19577433168888092,15.28913688659668,0.00025318287037037036,0.0
LOL_v2_Real_val,00788,D:\LLIE_Project\data\raw\LOL-v2-Real\val\low\00788.png,D:\LLIE_Project\data\raw\LOL-v2-Real\val\high\00788.png,15.47991441984137,0.6063137742014343,0.15728017769607844,2.213100000517443,3.3038575649261475,2.5378966331481934,0.7220428586006165,1.6880167722702026,0.09107349537037036,0.0,38.93903350830078,11.69032096862793,0.2201344221830368,4.394010543823242,0.0,0.0,77.62432861328125,24.274526596069336,0.19577433168888092,15.28913688659668,0.00025318287037037036,0.0
LOL_v2_Real_val,00789,D:\LLIE_Project\data\raw\LOL-v2-Real\val\low\00789.png,D:\LLIE_Project\data\raw\LOL-v2-Real\val\high\00789.png,15.50637962120035,0.6063419768825303,0.156688705145144,1.9828000004054047,3.3281850814819336,2.5425760746002197,0.7182528972625732,1.6855096817016602,0.08734809027777778,0.0,39.09133529663086,11.676570892333984,0.22044877707958221,4.403220176696777,0.0,0.0,77.62432861328125,24.274526596069336,0.19577433168888092,15.28913688659668,0.00025318287037037036,0.0
